sample	rss_kib
1	4608
2	4608
3	5120
4	11136
5	24704
6	72320
7	125420
8	227308
9	311276
10	316908
11	316908
12	316908
13	316908
14	316908
15	316908
16	316908
17	316908
18	316908
19	316908
20	316908
21	316908
22	316908
23	316908
24	316908
25	316908
26	316908
27	316908
28	316908
29	316908
30	316908
31	316908
32	316908
33	316908
34	316908
35	316908
36	316908
37	316908
38	316908
39	316908
40	316908
41	316908
42	316908
43	316908
44	316908
45	316908
46	316908
47	316908
48	316908
49	316908
50	316908
51	316908
52	316908
53	316908
54	316908
55	316908
56	316908
57	316908
58	316908
59	316908
60	316908
61	316908
62	316908
63	316908
64	316908
65	316908
66	316908
67	316908
68	316908
69	316908
70	316908
71	316908
72	316908
73	316908
74	316908
75	316908
76	316908
77	316908
78	316908
79	316908
80	316908
81	316908
82	316908
83	316908
84	316908
85	316908
86	316908
87	316908
88	316908
89	316908
90	316908
91	316908
92	316908
93	316908
94	316908
95	316908
96	316908
97	316908
98	316908
99	316908
100	316908
101	316908
102	316908
103	316908
104	316908
105	316908
106	316908
107	316908
108	316908
109	316908
110	316908
111	316908
112	316908
113	316908
114	316908
115	316908
116	316908
117	316908
118	316908
119	316908
120	316908
121	316908
122	316908
123	316908
124	316908
125	316908
126	316908
127	316908
128	316908
129	316908
130	316908
131	316908
132	316908
133	316908
134	316908
135	316908
136	316908
137	316908
138	316908
139	316908
140	316908
141	316908
142	316908
143	316908
144	316908
145	316908
146	316908
147	316908
148	316908
149	316908
150	316908
151	316908
152	316908
153	316908
154	316908
155	267808
156	218684
157	185896
158	120320
