sample,utc,unix_nanos,elapsed_s,rss_kib,hwm_kib,threads,fds,proc_ticks,host_ticks,stats_http,stats_curl_exit,stats_bytes,listen_overflows,listen_drops,tcp_abort_on_close,tcp_retrans
0,2026-08-04T04:56:40Z,1785819400775710249,0,3760,3760,4,10,0,4375584,200,0,365,0,0,461,823
1,2026-08-04T04:56:41Z,1785819401780341975,1,3772,3772,4,11,0,4376386,200,0,366,0,0,461,823
2,2026-08-04T04:56:42Z,1785819402783870176,2,3780,3780,4,12,1,4377184,200,0,368,0,0,461,823
3,2026-08-04T04:56:43Z,1785819403787353347,3,3812,3812,4,13,4,4377982,200,0,371,0,0,461,823
4,2026-08-04T04:56:44Z,1785819404792034228,4,4032,4032,4,14,10,4378774,200,0,373,0,0,461,823
5,2026-08-04T04:56:45Z,1785819405795381196,5,4424,4424,4,15,18,4379565,200,0,373,0,0,461,823
6,2026-08-04T04:56:46Z,1785819406799427291,6,4636,4636,4,18,26,4380360,200,0,374,0,0,461,824
7,2026-08-04T04:56:47Z,1785819407804086499,7,4636,4636,4,18,33,4381154,200,0,374,0,0,461,825
8,2026-08-04T04:56:48Z,1785819408807184363,8,4636,4636,4,18,40,4381949,200,0,374,0,0,461,826
9,2026-08-04T04:56:49Z,1785819409811210532,9,4636,4636,4,18,47,4382744,200,0,374,0,0,461,827
10,2026-08-04T04:56:50Z,1785819410815072015,10,4636,4636,4,18,55,4383542,200,0,374,0,0,461,828
11,2026-08-04T04:56:51Z,1785819411819161997,11,4636,4636,4,18,63,4384337,200,0,374,0,0,461,829
12,2026-08-04T04:56:52Z,1785819412823199595,12,4640,4640,4,18,70,4385131,200,0,375,0,0,461,830
13,2026-08-04T04:56:53Z,1785819413826973958,13,4640,4640,4,18,78,4385927,200,0,376,0,0,461,831
14,2026-08-04T04:56:54Z,1785819414830846035,14,4640,4640,4,18,85,4386722,200,0,376,0,0,461,832
15,2026-08-04T04:56:55Z,1785819415834720479,15,4640,4640,4,18,92,4387519,200,0,376,0,0,461,833
16,2026-08-04T04:56:56Z,1785819416838625544,16,4640,4640,4,18,99,4388316,200,0,376,0,0,461,833
17,2026-08-04T04:56:57Z,1785819417842228440,17,4640,4640,4,18,106,4389112,200,0,377,0,0,461,833
18,2026-08-04T04:56:58Z,1785819418846349430,18,4640,4640,4,18,114,4389904,200,0,377,0,0,461,833
19,2026-08-04T04:56:59Z,1785819419850699435,19,4640,4640,4,18,122,4390700,200,0,377,0,0,461,834
20,2026-08-04T04:57:00Z,1785819420854422109,20,4640,4640,4,18,129,4391497,200,0,377,0,0,461,835
21,2026-08-04T04:57:01Z,1785819421858162380,21,4640,4640,4,18,137,4392292,200,0,377,0,0,461,836
22,2026-08-04T04:57:02Z,1785819422861678324,22,4640,4640,4,18,145,4393086,200,0,377,0,0,461,837
23,2026-08-04T04:57:03Z,1785819423865327054,23,4640,4640,4,18,152,4393883,200,0,377,0,0,461,838
24,2026-08-04T04:57:04Z,1785819424869026538,24,4640,4640,4,18,160,4394680,200,0,377,0,0,461,838
25,2026-08-04T04:57:05Z,1785819425871979402,25,4640,4640,4,18,167,4395474,200,0,377,0,0,461,839
26,2026-08-04T04:57:06Z,1785819426875982565,26,4640,4640,4,18,174,4396273,200,0,377,0,0,461,840
27,2026-08-04T04:57:07Z,1785819427880149613,27,4640,4640,4,18,182,4397067,200,0,377,0,0,461,841
28,2026-08-04T04:57:08Z,1785819428884323260,28,4640,4640,4,18,190,4397862,200,0,377,0,0,461,841
29,2026-08-04T04:57:09Z,1785819429888382853,29,4640,4640,4,18,198,4398660,200,0,377,0,0,461,841
30,2026-08-04T04:57:10Z,1785819430892230570,30,4640,4640,4,18,205,4399457,200,0,377,0,0,461,842
31,2026-08-04T04:57:11Z,1785819431896186319,31,4640,4640,4,18,212,4400254,200,0,377,0,0,461,843
32,2026-08-04T04:57:12Z,1785819432900456222,32,4640,4640,4,18,220,4401047,200,0,377,0,0,461,843
33,2026-08-04T04:57:13Z,1785819433904622623,33,4640,4640,4,18,227,4401844,200,0,377,0,0,461,843
34,2026-08-04T04:57:14Z,1785819434908774641,34,4640,4640,4,18,234,4402640,200,0,377,0,0,461,844
35,2026-08-04T04:57:15Z,1785819435912736120,35,4640,4640,4,18,242,4403436,200,0,377,0,0,461,845
36,2026-08-04T04:57:16Z,1785819436916620753,36,4640,4640,4,18,250,4404232,200,0,377,0,0,461,846
37,2026-08-04T04:57:17Z,1785819437920625421,37,4640,4640,4,18,257,4405027,200,0,377,0,0,461,846
38,2026-08-04T04:57:18Z,1785819438924453055,38,4640,4640,4,18,265,4405821,200,0,377,0,0,461,846
39,2026-08-04T04:57:19Z,1785819439928365150,39,4636,4636,4,17,272,4406619,200,0,377,0,0,461,847
40,2026-08-04T04:57:20Z,1785819440931913894,40,4636,4636,4,17,279,4407416,200,0,377,0,0,461,847
41,2026-08-04T04:57:21Z,1785819441935901692,41,4636,4636,4,17,287,4408210,200,0,377,0,0,461,847
42,2026-08-04T04:57:22Z,1785819442939629467,42,4636,4636,4,17,293,4409006,200,0,377,0,0,461,847
43,2026-08-04T04:57:23Z,1785819443943294208,43,4636,4636,4,17,301,4409804,200,0,377,0,0,461,847
44,2026-08-04T04:57:24Z,1785819444947366453,44,4636,4636,4,17,308,4410597,200,0,377,0,0,461,848
45,2026-08-04T04:57:25Z,1785819445951446976,45,4636,4636,4,17,316,4411391,200,0,377,0,0,461,849
46,2026-08-04T04:57:26Z,1785819446955002987,46,4636,4636,4,17,323,4412186,200,0,377,0,0,461,850
47,2026-08-04T04:57:27Z,1785819447958923889,47,4636,4636,4,17,330,4412982,200,0,377,0,0,461,851
48,2026-08-04T04:57:28Z,1785819448963471000,48,4636,4636,4,17,339,4413776,200,0,377,0,0,461,851
49,2026-08-04T04:57:29Z,1785819449966929446,49,4636,4636,4,17,346,4414570,200,0,377,0,0,461,852
50,2026-08-04T04:57:30Z,1785819450970358451,50,4636,4636,4,17,353,4415364,200,0,377,0,0,461,853
51,2026-08-04T04:57:31Z,1785819451973587827,51,4636,4636,4,17,361,4416159,200,0,377,0,0,461,854
52,2026-08-04T04:57:32Z,1785819452976465820,52,4636,4636,4,17,369,4416955,200,0,377,0,0,461,854
53,2026-08-04T04:57:33Z,1785819453980280184,53,4636,4636,4,17,376,4417751,200,0,377,0,0,461,855
54,2026-08-04T04:57:34Z,1785819454984403760,54,4636,4636,4,17,384,4418546,200,0,377,0,0,461,855
55,2026-08-04T04:57:35Z,1785819455988594586,55,4636,4636,4,17,391,4419343,200,0,377,0,0,461,855
56,2026-08-04T04:57:36Z,1785819456992563024,56,4636,4636,4,17,398,4420142,200,0,377,0,0,461,855
57,2026-08-04T04:57:37Z,1785819457996796137,57,4636,4636,4,17,406,4420937,200,0,377,0,0,461,855
58,2026-08-04T04:57:39Z,1785819459000889127,59,4636,4636,4,17,413,4421732,200,0,377,0,0,461,856
59,2026-08-04T04:57:40Z,1785819460005166833,60,4636,4636,4,17,420,4422528,200,0,377,0,0,461,856
60,2026-08-04T04:57:41Z,1785819461009507574,61,4636,4636,4,17,428,4423324,200,0,377,0,0,461,857
61,2026-08-04T04:57:42Z,1785819462012878658,62,4636,4636,4,17,436,4424118,200,0,377,0,0,461,858
62,2026-08-04T04:57:43Z,1785819463015981638,63,4636,4636,4,17,442,4424910,200,0,377,0,0,461,859
63,2026-08-04T04:57:44Z,1785819464020287027,64,4636,4636,4,17,451,4425706,200,0,377,0,0,461,859
64,2026-08-04T04:57:45Z,1785819465025464799,65,4636,4636,4,17,458,4426505,200,0,377,0,0,461,860
65,2026-08-04T04:57:46Z,1785819466028188167,66,4636,4636,4,17,466,4427299,200,0,377,0,0,461,861
66,2026-08-04T04:57:47Z,1785819467031076652,67,4636,4636,4,17,473,4428093,200,0,377,0,0,461,861
67,2026-08-04T04:57:48Z,1785819468035453382,68,4636,4636,4,17,481,4428889,200,0,377,0,0,461,861
68,2026-08-04T04:57:49Z,1785819469038228917,69,4636,4636,4,17,488,4429685,200,0,377,0,0,461,862
69,2026-08-04T04:57:50Z,1785819470042382490,70,4636,4636,4,17,496,4430482,200,0,377,0,0,461,862
70,2026-08-04T04:57:51Z,1785819471046485602,71,4636,4636,4,17,503,4431277,200,0,377,0,0,461,863
71,2026-08-04T04:57:52Z,1785819472050611345,72,4636,4636,4,17,510,4432073,200,0,377,0,0,461,863
72,2026-08-04T04:57:53Z,1785819473054338494,73,4636,4636,4,17,517,4432869,200,0,377,0,0,461,864
73,2026-08-04T04:57:54Z,1785819474058429475,74,4636,4636,4,17,524,4433664,200,0,377,0,0,461,865
74,2026-08-04T04:57:55Z,1785819475063060769,75,4636,4636,4,17,532,4434460,200,0,377,0,0,461,865
75,2026-08-04T04:57:56Z,1785819476066081245,76,4636,4636,4,17,539,4435254,200,0,377,0,0,461,866
76,2026-08-04T04:57:57Z,1785819477070332152,77,4636,4636,4,17,547,4436049,200,0,377,0,0,461,867
77,2026-08-04T04:57:58Z,1785819478073510918,78,4636,4636,4,17,554,4436845,200,0,377,0,0,461,868
78,2026-08-04T04:57:59Z,1785819479077229732,79,4636,4636,4,17,561,4437642,200,0,377,0,0,461,869
79,2026-08-04T04:58:00Z,1785819480081892734,80,4636,4636,4,17,568,4438439,200,0,377,0,0,461,869
80,2026-08-04T04:58:01Z,1785819481085243829,81,4636,4636,4,17,576,4439234,200,0,377,0,0,461,870
81,2026-08-04T04:58:02Z,1785819482089340804,82,4636,4636,4,17,584,4440029,200,0,377,0,0,461,871
82,2026-08-04T04:58:03Z,1785819483094106419,83,4636,4636,4,17,592,4440823,200,0,377,0,0,461,871
83,2026-08-04T04:58:04Z,1785819484097498741,84,4636,4636,4,17,599,4441618,200,0,377,0,0,461,871
84,2026-08-04T04:58:05Z,1785819485100708953,85,4636,4636,4,17,606,4442412,200,0,377,0,0,461,872
85,2026-08-04T04:58:06Z,1785819486105075793,86,4636,4636,4,17,614,4443208,200,0,377,0,0,461,872
86,2026-08-04T04:58:07Z,1785819487108877139,87,4636,4636,4,17,622,4444005,200,0,378,0,0,461,873
87,2026-08-04T04:58:08Z,1785819488112874432,88,4636,4636,4,17,629,4444801,200,0,378,0,0,461,873
88,2026-08-04T04:58:09Z,1785819489116688221,89,4636,4636,4,17,637,4445597,200,0,378,0,0,461,874
89,2026-08-04T04:58:10Z,1785819490120749203,90,4636,4636,4,17,644,4446396,200,0,378,0,0,461,875
90,2026-08-04T04:58:11Z,1785819491124747763,91,4636,4636,4,17,651,4447192,200,0,378,0,0,461,875
91,2026-08-04T04:58:12Z,1785819492129077741,92,4636,4636,4,17,658,4447988,200,0,378,0,0,461,876
92,2026-08-04T04:58:13Z,1785819493131978960,93,4636,4636,4,17,666,4448782,200,0,378,0,0,461,876
93,2026-08-04T04:58:14Z,1785819494136073254,94,4636,4636,4,17,673,4449578,200,0,378,0,0,461,876
94,2026-08-04T04:58:15Z,1785819495141127298,95,4636,4636,4,17,681,4450371,200,0,378,0,0,461,877
95,2026-08-04T04:58:16Z,1785819496144115585,96,4636,4636,4,17,688,4451166,200,0,378,0,0,461,878
96,2026-08-04T04:58:17Z,1785819497148335981,97,4636,4636,4,17,696,4451962,200,0,378,0,0,461,879
97,2026-08-04T04:58:18Z,1785819498152985012,98,4636,4636,4,17,704,4452759,200,0,378,0,0,461,880
98,2026-08-04T04:58:19Z,1785819499156192052,99,4636,4636,4,17,711,4453554,200,0,378,0,0,461,881
99,2026-08-04T04:58:20Z,1785819500160419124,100,4636,4636,4,17,719,4454349,200,0,378,0,0,461,882
100,2026-08-04T04:58:21Z,1785819501164241863,101,4636,4636,4,17,726,4455145,200,0,378,0,0,461,882
101,2026-08-04T04:58:22Z,1785819502168521853,102,4636,4636,4,17,733,4455943,200,0,378,0,0,461,882
102,2026-08-04T04:58:23Z,1785819503171475379,103,4636,4636,4,17,741,4456739,200,0,378,0,0,461,883
103,2026-08-04T04:58:24Z,1785819504175319872,104,4636,4636,4,17,748,4457535,200,0,378,0,0,461,884
104,2026-08-04T04:58:25Z,1785819505179316739,105,4636,4636,4,17,755,4458332,200,0,378,0,0,461,885
105,2026-08-04T04:58:26Z,1785819506183175922,106,4636,4636,4,17,763,4459128,200,0,378,0,0,461,886
106,2026-08-04T04:58:27Z,1785819507187109627,107,4636,4636,4,17,771,4459925,200,0,378,0,0,461,886
107,2026-08-04T04:58:28Z,1785819508191186389,108,4636,4636,4,17,778,4460720,200,0,379,0,0,461,887
108,2026-08-04T04:58:29Z,1785819509195449187,109,4636,4636,4,17,785,4461515,200,0,379,0,0,461,888
109,2026-08-04T04:58:30Z,1785819510199857308,110,4636,4636,4,17,793,4462310,200,0,379,0,0,461,889
110,2026-08-04T04:58:31Z,1785819511204242580,111,4636,4636,4,17,801,4463103,200,0,379,0,0,461,889
111,2026-08-04T04:58:32Z,1785819512207503881,112,4636,4636,4,17,808,4463897,200,0,379,0,0,461,889
112,2026-08-04T04:58:33Z,1785819513211514931,113,4636,4636,4,17,815,4464691,200,0,379,0,0,461,890
113,2026-08-04T04:58:34Z,1785819514215794989,114,4636,4636,4,17,823,4465489,200,0,379,0,0,461,891
114,2026-08-04T04:58:35Z,1785819515218942645,115,4636,4636,4,17,831,4466281,200,0,379,0,0,461,891
115,2026-08-04T04:58:36Z,1785819516223293464,116,4636,4636,4,17,837,4467079,200,0,379,0,0,461,892
116,2026-08-04T04:58:37Z,1785819517227980245,117,4636,4636,4,17,845,4467874,200,0,379,0,0,461,892
117,2026-08-04T04:58:38Z,1785819518231081437,118,4636,4636,4,17,853,4468670,200,0,379,0,0,461,893
118,2026-08-04T04:58:39Z,1785819519235171121,119,4636,4636,4,17,859,4469462,200,0,379,0,0,461,894
119,2026-08-04T04:58:40Z,1785819520239192775,120,4636,4636,4,17,867,4470260,200,0,379,0,0,461,895
120,2026-08-04T04:58:41Z,1785819521243148926,121,4632,4632,4,16,875,4471057,200,0,379,0,0,461,895
121,2026-08-04T04:58:42Z,1785819522246819936,122,4628,4628,4,15,882,4471853,200,0,379,0,0,461,896
122,2026-08-04T04:58:43Z,1785819523250214873,123,4604,4604,4,14,886,4472653,200,0,379,0,0,461,896
123,2026-08-04T04:58:44Z,1785819524253498468,124,4596,4596,4,12,890,4473453,200,0,379,0,0,461,896
124,2026-08-04T04:58:45Z,1785819525257707808,125,4268,4444,4,10,890,4474256,200,0,379,0,0,461,896
125,2026-08-04T04:58:46Z,1785819526260671357,126,4268,4444,4,10,890,4475058,200,0,379,0,0,461,896
126,2026-08-04T04:58:47Z,1785819527264717140,127,4268,4444,4,10,890,4475861,200,0,379,0,0,461,896
127,2026-08-04T04:58:48Z,1785819528268646461,128,4268,4444,4,10,890,4476664,200,0,379,0,0,461,896
128,2026-08-04T04:58:49Z,1785819529272338683,129,4268,4444,4,10,890,4477466,200,0,379,0,0,461,896
129,2026-08-04T04:58:50Z,1785819530276183120,130,4268,4444,4,10,890,4478268,200,0,379,0,0,461,896
130,2026-08-04T04:58:51Z,1785819531280568122,131,4272,4444,4,11,890,4479071,200,0,379,0,0,461,896
131,2026-08-04T04:58:52Z,1785819532283934433,132,4276,4444,4,12,892,4479869,200,0,379,0,0,461,896
132,2026-08-04T04:58:53Z,1785819533288254307,133,4300,4444,4,13,896,4480669,200,0,379,0,0,461,896
133,2026-08-04T04:58:54Z,1785819534291535562,134,4304,4444,4,14,902,4481466,200,0,379,0,0,461,896
134,2026-08-04T04:58:55Z,1785819535294390567,135,4628,4628,4,15,910,4482259,200,0,379,0,0,461,896
135,2026-08-04T04:58:56Z,1785819536298314574,136,4648,4648,4,18,918,4483057,200,0,379,0,0,461,897
136,2026-08-04T04:58:57Z,1785819537302344940,137,4648,4648,4,18,925,4483853,200,0,379,0,0,461,898
137,2026-08-04T04:58:58Z,1785819538306485271,138,4648,4648,4,18,933,4484649,200,0,380,0,0,461,898
138,2026-08-04T04:58:59Z,1785819539310161266,139,4652,4652,4,18,940,4485444,200,0,380,0,0,461,898
139,2026-08-04T04:59:00Z,1785819540314588351,140,4652,4652,4,18,948,4486238,200,0,380,0,0,461,899
140,2026-08-04T04:59:01Z,1785819541317617910,141,4652,4652,4,18,955,4487033,200,0,380,0,0,461,900
141,2026-08-04T04:59:02Z,1785819542321849078,142,4652,4652,4,18,964,4487826,200,0,380,0,0,461,900
142,2026-08-04T04:59:03Z,1785819543325063452,143,4652,4652,4,18,972,4488621,200,0,380,0,0,461,901
143,2026-08-04T04:59:04Z,1785819544329091184,144,4652,4652,4,18,979,4489417,200,0,380,0,0,461,902
144,2026-08-04T04:59:05Z,1785819545333367220,145,4652,4652,4,18,987,4490213,200,0,380,0,0,461,903
145,2026-08-04T04:59:06Z,1785819546336039611,146,4652,4652,4,18,995,4491006,200,0,380,0,0,461,904
146,2026-08-04T04:59:07Z,1785819547339689974,147,4652,4652,4,18,1002,4491800,200,0,380,0,0,461,905
147,2026-08-04T04:59:08Z,1785819548343486860,148,4652,4652,4,18,1010,4492595,200,0,380,0,0,461,905
148,2026-08-04T04:59:09Z,1785819549347129768,149,4652,4652,4,18,1017,4493388,200,0,380,0,0,461,906
149,2026-08-04T04:59:10Z,1785819550351484504,150,4652,4652,4,18,1025,4494185,200,0,380,0,0,461,907
150,2026-08-04T04:59:11Z,1785819551354399210,151,4652,4652,4,18,1032,4494977,200,0,380,0,0,461,909
151,2026-08-04T04:59:12Z,1785819552358464724,152,4652,4652,4,18,1039,4495774,200,0,380,0,0,461,910
152,2026-08-04T04:59:13Z,1785819553362331033,153,4652,4652,4,18,1047,4496570,200,0,380,0,0,461,911
153,2026-08-04T04:59:14Z,1785819554366158004,154,4652,4652,4,18,1054,4497364,200,0,380,0,0,461,911
154,2026-08-04T04:59:15Z,1785819555370485129,155,4652,4652,4,18,1062,4498161,200,0,380,0,0,461,912
155,2026-08-04T04:59:16Z,1785819556373474648,156,4652,4652,4,18,1069,4498955,200,0,380,0,0,461,912
156,2026-08-04T04:59:17Z,1785819557377341012,157,4652,4652,4,18,1077,4499751,200,0,380,0,0,461,912
157,2026-08-04T04:59:18Z,1785819558381224648,158,4652,4652,4,18,1084,4500545,200,0,380,0,0,461,913
158,2026-08-04T04:59:19Z,1785819559385291026,159,4652,4652,4,18,1091,4501343,200,0,380,0,0,461,914
159,2026-08-04T04:59:20Z,1785819560389271515,160,4652,4652,4,18,1099,4502139,200,0,380,0,0,461,914
160,2026-08-04T04:59:21Z,1785819561393189783,161,4652,4652,4,18,1107,4502934,200,0,380,0,0,461,915
161,2026-08-04T04:59:22Z,1785819562396923793,162,4652,4652,4,18,1114,4503727,200,0,380,0,0,461,916
162,2026-08-04T04:59:23Z,1785819563400971344,163,4652,4652,4,18,1121,4504523,200,0,380,0,0,461,917
163,2026-08-04T04:59:24Z,1785819564404902071,164,4652,4652,4,18,1129,4505321,200,0,380,0,0,461,918
164,2026-08-04T04:59:25Z,1785819565408967079,165,4648,4648,4,17,1136,4506118,200,0,380,0,0,461,919
165,2026-08-04T04:59:26Z,1785819566413114929,166,4648,4648,4,17,1144,4506914,200,0,380,0,0,461,920
166,2026-08-04T04:59:27Z,1785819567417040870,167,4648,4648,4,17,1151,4507707,200,0,380,0,0,461,920
167,2026-08-04T04:59:28Z,1785819568421292252,168,4648,4648,4,17,1159,4508503,200,0,380,0,0,461,920
168,2026-08-04T04:59:29Z,1785819569425354940,169,4648,4648,4,17,1166,4509300,200,0,380,0,0,461,920
169,2026-08-04T04:59:30Z,1785819570429892324,170,4648,4648,4,17,1174,4510095,200,0,380,0,0,461,921
170,2026-08-04T04:59:31Z,1785819571433098220,171,4648,4648,4,17,1181,4510890,200,0,380,0,0,461,921
171,2026-08-04T04:59:32Z,1785819572436635832,172,4648,4648,4,17,1190,4511684,200,0,380,0,0,461,922
172,2026-08-04T04:59:33Z,1785819573440595863,173,4648,4648,4,17,1197,4512480,200,0,380,0,0,461,923
173,2026-08-04T04:59:34Z,1785819574444425785,174,4648,4648,4,17,1205,4513277,200,0,380,0,0,461,923
174,2026-08-04T04:59:35Z,1785819575448242781,175,4648,4648,4,17,1212,4514072,200,0,380,0,0,461,924
175,2026-08-04T04:59:36Z,1785819576452145249,176,4648,4648,4,17,1220,4514865,200,0,380,0,0,461,925
176,2026-08-04T04:59:37Z,1785819577457469329,177,4648,4648,4,17,1228,4515663,200,0,380,0,0,461,926
177,2026-08-04T04:59:38Z,1785819578461047066,178,4648,4648,4,17,1235,4516457,200,0,380,0,0,461,927
178,2026-08-04T04:59:39Z,1785819579464331111,179,4648,4648,4,17,1242,4517249,200,0,380,0,0,461,928
179,2026-08-04T04:59:40Z,1785819580467569105,180,4648,4648,4,17,1250,4518046,200,0,380,0,0,461,929
180,2026-08-04T04:59:41Z,1785819581471560296,181,4648,4648,4,17,1257,4518841,200,0,380,0,0,461,929
181,2026-08-04T04:59:42Z,1785819582475546403,182,4648,4648,4,17,1264,4519638,200,0,380,0,0,461,929
182,2026-08-04T04:59:43Z,1785819583479370547,183,4648,4648,4,17,1273,4520434,200,0,380,0,0,461,929
183,2026-08-04T04:59:44Z,1785819584483863420,184,4648,4648,4,17,1279,4521231,200,0,380,0,0,461,930
184,2026-08-04T04:59:45Z,1785819585487191259,185,4648,4648,4,17,1287,4522026,200,0,380,0,0,461,931
185,2026-08-04T04:59:46Z,1785819586490183884,186,4648,4648,4,17,1295,4522820,200,0,380,0,0,461,932
186,2026-08-04T04:59:47Z,1785819587493807954,187,4648,4648,4,17,1302,4523617,200,0,380,0,0,461,933
187,2026-08-04T04:59:48Z,1785819588497298417,188,4648,4648,4,17,1310,4524410,200,0,380,0,0,461,934
188,2026-08-04T04:59:49Z,1785819589501110564,189,4648,4648,4,17,1317,4525204,200,0,380,0,0,461,935
189,2026-08-04T04:59:50Z,1785819590505067381,190,4648,4648,4,17,1324,4526000,200,0,380,0,0,461,936
190,2026-08-04T04:59:51Z,1785819591509298331,191,4648,4648,4,17,1332,4526797,200,0,380,0,0,461,937
191,2026-08-04T04:59:52Z,1785819592513114561,192,4648,4648,4,17,1339,4527595,200,0,380,0,0,461,937
192,2026-08-04T04:59:53Z,1785819593517083605,193,4648,4648,4,17,1346,4528389,200,0,380,0,0,461,938
193,2026-08-04T04:59:54Z,1785819594521140069,194,4648,4648,4,17,1354,4529184,200,0,380,0,0,461,939
194,2026-08-04T04:59:55Z,1785819595525003116,195,4648,4648,4,17,1362,4529978,200,0,380,0,0,461,940
195,2026-08-04T04:59:56Z,1785819596528824569,196,4648,4648,4,17,1369,4530776,200,0,380,0,0,461,940
196,2026-08-04T04:59:57Z,1785819597532411768,197,4648,4648,4,17,1376,4531569,200,0,380,0,0,461,941
197,2026-08-04T04:59:58Z,1785819598535980068,198,4648,4648,4,17,1383,4532364,200,0,380,0,0,461,942
198,2026-08-04T04:59:59Z,1785819599540946646,199,4648,4648,4,17,1391,4533159,200,0,380,0,0,461,942
199,2026-08-04T05:00:00Z,1785819600544313705,200,4648,4648,4,17,1399,4533954,200,0,380,0,0,461,943
200,2026-08-04T05:00:01Z,1785819601548749388,201,4648,4648,4,17,1407,4534747,200,0,380,0,0,461,944
201,2026-08-04T05:00:02Z,1785819602551464646,202,4648,4648,4,17,1415,4535542,200,0,380,0,0,461,945
202,2026-08-04T05:00:03Z,1785819603554894093,203,4648,4648,4,17,1423,4536336,200,0,380,0,0,461,946
203,2026-08-04T05:00:04Z,1785819604558036652,204,4648,4648,4,17,1430,4537129,200,0,380,0,0,461,946
204,2026-08-04T05:00:05Z,1785819605562136955,205,4648,4648,4,17,1438,4537924,200,0,380,0,0,461,946
205,2026-08-04T05:00:06Z,1785819606566308968,206,4648,4648,4,17,1446,4538721,200,0,380,0,0,461,946
206,2026-08-04T05:00:07Z,1785819607570563014,207,4648,4648,4,17,1454,4539516,200,0,380,0,0,461,946
207,2026-08-04T05:00:08Z,1785819608573878759,208,4648,4648,4,17,1461,4540313,200,0,380,0,0,461,947
208,2026-08-04T05:00:09Z,1785819609577115773,209,4648,4648,4,17,1468,4541109,200,0,380,0,0,461,947
209,2026-08-04T05:00:10Z,1785819610580937744,210,4648,4648,4,17,1476,4541903,200,0,380,0,0,461,948
210,2026-08-04T05:00:11Z,1785819611585222810,211,4648,4648,4,17,1484,4542701,200,0,380,0,0,461,948
211,2026-08-04T05:00:12Z,1785819612588258210,212,4648,4648,4,17,1491,4543496,200,0,380,0,0,461,949
212,2026-08-04T05:00:13Z,1785819613591890685,213,4648,4648,4,17,1498,4544293,200,0,380,0,0,461,950
213,2026-08-04T05:00:14Z,1785819614596048221,214,4648,4648,4,17,1506,4545086,200,0,380,0,0,461,951
214,2026-08-04T05:00:15Z,1785819615600315033,215,4648,4648,4,17,1514,4545881,200,0,380,0,0,461,951
215,2026-08-04T05:00:16Z,1785819616603423455,216,4648,4648,4,17,1521,4546675,200,0,380,0,0,461,952
216,2026-08-04T05:00:17Z,1785819617607629660,217,4648,4648,4,17,1529,4547469,200,0,380,0,0,461,953
217,2026-08-04T05:00:18Z,1785819618611606330,218,4648,4648,4,17,1536,4548264,200,0,380,0,0,461,953
218,2026-08-04T05:00:19Z,1785819619615519024,219,4648,4648,4,17,1543,4549061,200,0,380,0,0,461,954
219,2026-08-04T05:00:20Z,1785819620619612761,220,4648,4648,4,17,1551,4549855,200,0,380,0,0,461,955
220,2026-08-04T05:00:21Z,1785819621623452534,221,4648,4648,4,17,1558,4550652,200,0,380,0,0,461,956
221,2026-08-04T05:00:22Z,1785819622627197261,222,4648,4648,4,17,1565,4551446,200,0,380,0,0,461,957
222,2026-08-04T05:00:23Z,1785819623631174833,223,4648,4648,4,17,1573,4552242,200,0,380,0,0,461,957
223,2026-08-04T05:00:24Z,1785819624634945027,224,4648,4648,4,17,1580,4553037,200,0,380,0,0,461,958
224,2026-08-04T05:00:25Z,1785819625639410300,225,4648,4648,4,17,1588,4553834,200,0,380,0,0,461,958
225,2026-08-04T05:00:26Z,1785819626642524226,226,4648,4648,4,17,1595,4554630,200,0,380,0,0,461,958
226,2026-08-04T05:00:27Z,1785819627646968343,227,4648,4648,4,17,1602,4555424,200,0,380,0,0,461,959
227,2026-08-04T05:00:28Z,1785819628650628968,228,4648,4648,4,17,1610,4556219,200,0,380,0,0,461,959
228,2026-08-04T05:00:29Z,1785819629653988797,229,4648,4648,4,17,1617,4557013,200,0,380,0,0,461,959
229,2026-08-04T05:00:30Z,1785819630657304452,230,4648,4648,4,17,1625,4557810,200,0,380,0,0,461,960
230,2026-08-04T05:00:31Z,1785819631661062542,231,4648,4648,4,17,1633,4558604,200,0,380,0,0,461,961
231,2026-08-04T05:00:32Z,1785819632664195554,232,4648,4648,4,17,1640,4559399,200,0,380,0,0,461,961
232,2026-08-04T05:00:33Z,1785819633667877715,233,4648,4648,4,17,1647,4560196,200,0,380,0,0,461,962
233,2026-08-04T05:00:34Z,1785819634671673284,234,4648,4648,4,17,1655,4560992,200,0,380,0,0,461,963
234,2026-08-04T05:00:35Z,1785819635676157514,235,4648,4648,4,17,1663,4561785,200,0,380,0,0,461,963
235,2026-08-04T05:00:36Z,1785819636679527333,236,4648,4648,4,17,1671,4562581,200,0,380,0,0,461,963
236,2026-08-04T05:00:37Z,1785819637683705792,237,4648,4648,4,17,1679,4563374,200,0,380,0,0,461,963
237,2026-08-04T05:00:38Z,1785819638687219999,238,4648,4648,4,17,1686,4564171,200,0,380,0,0,461,963
238,2026-08-04T05:00:39Z,1785819639691468719,239,4648,4648,4,17,1694,4564967,200,0,380,0,0,461,963
239,2026-08-04T05:00:40Z,1785819640695485241,240,4648,4648,4,17,1702,4565760,200,0,380,0,0,461,963
240,2026-08-04T05:00:41Z,1785819641699751962,241,4648,4648,4,17,1709,4566555,200,0,380,0,0,461,964
241,2026-08-04T05:00:42Z,1785819642704043550,242,4648,4648,4,17,1716,4567349,200,0,380,0,0,461,965
242,2026-08-04T05:00:43Z,1785819643707278324,243,4648,4648,4,17,1724,4568146,200,0,380,0,0,461,965
243,2026-08-04T05:00:44Z,1785819644712098617,244,4648,4648,4,17,1731,4568940,200,0,380,0,0,461,966
244,2026-08-04T05:00:45Z,1785819645715824571,245,4648,4648,4,17,1739,4569740,200,0,380,0,0,461,966
245,2026-08-04T05:00:46Z,1785819646719070083,246,4648,4648,4,17,1746,4570536,200,0,380,0,0,461,967
246,2026-08-04T05:00:47Z,1785819647723157477,247,4648,4648,4,17,1755,4571331,200,0,380,0,0,461,968
247,2026-08-04T05:00:48Z,1785819648727520462,248,4648,4648,4,17,1761,4572129,200,0,380,0,0,461,969
248,2026-08-04T05:00:49Z,1785819649731984515,249,4648,4648,4,17,1769,4572926,200,0,380,0,0,461,969
249,2026-08-04T05:00:50Z,1785819650735078837,250,4644,4644,4,16,1777,4573722,200,0,380,0,0,461,969
250,2026-08-04T05:00:51Z,1785819651738789279,251,4640,4640,4,15,1784,4574517,200,0,380,0,0,461,970
251,2026-08-04T05:00:52Z,1785819652743081100,252,4616,4616,4,14,1789,4575315,200,0,380,0,0,461,970
252,2026-08-04T05:00:53Z,1785819653746405520,253,4608,4608,4,12,1791,4576116,200,0,380,0,0,461,970
253,2026-08-04T05:00:54Z,1785819654749247234,254,4280,4444,4,10,1791,4576918,200,0,380,0,0,461,970
254,2026-08-04T05:00:55Z,1785819655752875725,255,4280,4444,4,10,1791,4577720,200,0,380,0,0,461,970
255,2026-08-04T05:00:56Z,1785819656756583325,256,4280,4444,4,10,1791,4578522,200,0,380,0,0,461,970
256,2026-08-04T05:00:57Z,1785819657760572231,257,4280,4444,4,10,1791,4579325,200,0,380,0,0,461,970
257,2026-08-04T05:00:58Z,1785819658764281506,258,4280,4444,4,10,1791,4580127,200,0,380,0,0,461,970
258,2026-08-04T05:00:59Z,1785819659769022623,259,4284,4444,4,11,1791,4580930,200,0,380,0,0,461,970
259,2026-08-04T05:01:00Z,1785819660772921977,260,4288,4444,4,12,1792,4581732,200,0,380,0,0,461,970
260,2026-08-04T05:01:01Z,1785819661777451082,261,4312,4444,4,13,1794,4582531,200,0,380,0,0,461,970
261,2026-08-04T05:01:02Z,1785819662781311349,262,4316,4444,4,14,1798,4583328,200,0,380,0,0,461,970
262,2026-08-04T05:01:03Z,1785819663784887157,263,4640,4640,4,15,1805,4584125,200,0,380,0,0,461,970
263,2026-08-04T05:01:04Z,1785819664788480181,264,4652,4652,4,18,1813,4584922,200,0,380,0,0,461,971
264,2026-08-04T05:01:05Z,1785819665791641441,265,4652,4652,4,18,1820,4585717,200,0,380,0,0,461,972
265,2026-08-04T05:01:06Z,1785819666796069416,266,4652,4652,4,18,1827,4586516,200,0,380,0,0,461,973
266,2026-08-04T05:01:07Z,1785819667799294440,267,4652,4652,4,18,1835,4587311,200,0,380,0,0,461,974
267,2026-08-04T05:01:08Z,1785819668803367016,268,4652,4652,4,18,1842,4588111,200,0,380,0,0,461,975
268,2026-08-04T05:01:09Z,1785819669807429013,269,4652,4652,4,18,1850,4588907,200,0,380,0,0,461,976
269,2026-08-04T05:01:10Z,1785819670811591036,270,4652,4652,4,18,1858,4589706,200,0,380,0,0,461,977
270,2026-08-04T05:01:11Z,1785819671815480526,271,4652,4652,4,18,1865,4590504,200,0,380,0,0,461,977
271,2026-08-04T05:01:12Z,1785819672820451193,272,4652,4652,4,18,1873,4591301,200,0,380,0,0,461,978
272,2026-08-04T05:01:13Z,1785819673823489922,273,4652,4652,4,18,1881,4592097,200,0,380,0,0,461,978
273,2026-08-04T05:01:14Z,1785819674829200375,274,4652,4652,4,18,1888,4592892,200,0,380,0,0,461,979
274,2026-08-04T05:01:15Z,1785819675832071286,275,4652,4652,4,18,1896,4593691,200,0,380,0,0,461,979
275,2026-08-04T05:01:16Z,1785819676835279500,276,4652,4652,4,18,1903,4594487,200,0,380,0,0,461,979
276,2026-08-04T05:01:17Z,1785819677839268604,277,4652,4652,4,18,1910,4595285,200,0,380,0,0,461,980
277,2026-08-04T05:01:18Z,1785819678843818870,278,4652,4652,4,18,1918,4596085,200,0,380,0,0,461,981
278,2026-08-04T05:01:19Z,1785819679847038889,279,4652,4652,4,18,1926,4596882,200,0,380,0,0,461,981
279,2026-08-04T05:01:20Z,1785819680851564204,280,4652,4652,4,18,1933,4597680,200,0,380,0,0,461,981
280,2026-08-04T05:01:21Z,1785819681854546260,281,4652,4652,4,18,1941,4598478,200,0,380,0,0,461,982
281,2026-08-04T05:01:22Z,1785819682858958498,282,4652,4652,4,18,1949,4599275,200,0,380,0,0,461,982
282,2026-08-04T05:01:23Z,1785819683862848574,283,4652,4652,4,18,1956,4600072,200,0,380,0,0,461,982
283,2026-08-04T05:01:24Z,1785819684867182479,284,4652,4652,4,18,1963,4600868,200,0,380,0,0,461,983
284,2026-08-04T05:01:25Z,1785819685870133287,285,4652,4652,4,18,1971,4601665,200,0,380,0,0,461,984
285,2026-08-04T05:01:26Z,1785819686875033662,286,4652,4652,4,18,1978,4602463,200,0,380,0,0,461,985
286,2026-08-04T05:01:27Z,1785819687878152868,287,4652,4652,4,18,1986,4603258,200,0,380,0,0,461,986
287,2026-08-04T05:01:28Z,1785819688882094650,288,4652,4652,4,18,1992,4604057,200,0,380,0,0,461,987
288,2026-08-04T05:01:29Z,1785819689886158315,289,4652,4652,4,18,2000,4604856,200,0,380,0,0,461,988
289,2026-08-04T05:01:30Z,1785819690890671607,290,4652,4652,4,18,2008,4605653,200,0,380,0,0,461,989
290,2026-08-04T05:01:31Z,1785819691894286916,291,4652,4652,4,18,2016,4606452,200,0,380,0,0,461,990
291,2026-08-04T05:01:32Z,1785819692897414054,292,4652,4652,4,18,2024,4607250,200,0,380,0,0,461,991
292,2026-08-04T05:01:33Z,1785819693901541274,293,4652,4652,4,18,2031,4608046,200,0,380,0,0,461,992
293,2026-08-04T05:01:34Z,1785819694904410612,294,4652,4652,4,18,2038,4608841,200,0,380,0,0,461,993
294,2026-08-04T05:01:35Z,1785819695908524445,295,4652,4652,4,18,2046,4609642,200,0,380,0,0,461,993
295,2026-08-04T05:01:36Z,1785819696912929837,296,4652,4652,4,18,2053,4610438,200,0,380,0,0,461,994
296,2026-08-04T05:01:37Z,1785819697915914506,297,4648,4648,4,17,2062,4611232,200,0,380,0,0,461,995
297,2026-08-04T05:01:38Z,1785819698920074870,298,4648,4648,4,17,2069,4612028,200,0,380,0,0,461,996
298,2026-08-04T05:01:39Z,1785819699925135515,299,4648,4648,4,17,2076,4612825,200,0,380,0,0,461,996
299,2026-08-04T05:01:40Z,1785819700928200849,300,4648,4648,4,17,2083,4613621,200,0,380,0,0,461,997
300,2026-08-04T05:01:41Z,1785819701931840452,301,4648,4648,4,17,2091,4614421,200,0,380,0,0,461,997
301,2026-08-04T05:01:42Z,1785819702936094537,302,4648,4648,4,17,2099,4615218,200,0,380,0,0,461,997
302,2026-08-04T05:01:43Z,1785819703939568862,303,4648,4648,4,17,2106,4616017,200,0,380,0,0,461,998
303,2026-08-04T05:01:44Z,1785819704943664427,304,4648,4648,4,17,2114,4616815,200,0,380,0,0,461,999
304,2026-08-04T05:01:45Z,1785819705947453612,305,4648,4648,4,17,2121,4617612,200,0,380,0,0,461,1000
305,2026-08-04T05:01:46Z,1785819706950764290,306,4648,4648,4,17,2129,4618406,200,0,380,0,0,461,1001
306,2026-08-04T05:01:47Z,1785819707955212299,307,4648,4648,4,17,2137,4619205,200,0,380,0,0,461,1001
307,2026-08-04T05:01:48Z,1785819708958609287,308,4648,4648,4,17,2145,4620006,200,0,380,0,0,461,1002
308,2026-08-04T05:01:49Z,1785819709962992445,309,4648,4648,4,17,2152,4620804,200,0,380,0,0,461,1003
309,2026-08-04T05:01:50Z,1785819710966890522,310,4648,4648,4,17,2159,4621601,200,0,380,0,0,461,1004
310,2026-08-04T05:01:51Z,1785819711970961512,311,4648,4648,4,17,2167,4622399,200,0,380,0,0,461,1005
311,2026-08-04T05:01:52Z,1785819712975001655,312,4648,4648,4,17,2174,4623199,200,0,380,0,0,461,1006
312,2026-08-04T05:01:53Z,1785819713979689132,313,4648,4648,4,17,2181,4623999,200,0,380,0,0,461,1007
313,2026-08-04T05:01:54Z,1785819714983164915,314,4648,4648,4,17,2189,4624796,200,0,380,0,0,461,1008
314,2026-08-04T05:01:55Z,1785819715986647294,315,4648,4648,4,17,2196,4625594,200,0,380,0,0,461,1009
315,2026-08-04T05:01:56Z,1785819716990784681,316,4648,4648,4,17,2204,4626393,200,0,380,0,0,461,1009
316,2026-08-04T05:01:57Z,1785819717994867902,317,4648,4648,4,17,2211,4627190,200,0,380,0,0,461,1010
317,2026-08-04T05:01:58Z,1785819718998871772,318,4648,4648,4,17,2218,4627987,200,0,380,0,0,461,1011
318,2026-08-04T05:02:00Z,1785819720004070149,320,4648,4648,4,17,2226,4628787,200,0,380,0,0,461,1012
319,2026-08-04T05:02:01Z,1785819721007502904,321,4648,4648,4,17,2234,4629585,200,0,380,0,0,461,1013
320,2026-08-04T05:02:02Z,1785819722012182120,322,4648,4648,4,17,2242,4630383,200,0,380,0,0,461,1014
321,2026-08-04T05:02:03Z,1785819723015807344,323,4648,4648,4,17,2250,4631179,200,0,380,0,0,461,1015
322,2026-08-04T05:02:04Z,1785819724019431943,324,4648,4648,4,17,2258,4631973,200,0,380,0,0,461,1016
323,2026-08-04T05:02:05Z,1785819725023330907,325,4648,4648,4,17,2266,4632771,200,0,380,0,0,461,1017
324,2026-08-04T05:02:06Z,1785819726026699469,326,4648,4648,4,17,2273,4633567,200,0,380,0,0,461,1018
325,2026-08-04T05:02:07Z,1785819727030026938,327,4648,4648,4,17,2280,4634366,200,0,380,0,0,461,1018
326,2026-08-04T05:02:08Z,1785819728034377788,328,4648,4648,4,17,2287,4635162,200,0,380,0,0,461,1019
327,2026-08-04T05:02:09Z,1785819729037491175,329,4648,4648,4,17,2295,4635958,200,0,380,0,0,461,1020
328,2026-08-04T05:02:10Z,1785819730041885559,330,4648,4648,4,17,2303,4636756,200,0,380,0,0,461,1021
329,2026-08-04T05:02:11Z,1785819731044763180,331,4648,4648,4,17,2310,4637553,200,0,380,0,0,461,1022
330,2026-08-04T05:02:12Z,1785819732049003091,332,4648,4648,4,17,2318,4638350,200,0,380,0,0,461,1022
331,2026-08-04T05:02:13Z,1785819733053141677,333,4648,4648,4,17,2326,4639145,200,0,380,0,0,461,1022
332,2026-08-04T05:02:14Z,1785819734056832317,334,4648,4648,4,17,2334,4639945,200,0,380,0,0,461,1023
333,2026-08-04T05:02:15Z,1785819735062436352,335,4648,4648,4,17,2341,4640740,200,0,380,0,0,461,1023
334,2026-08-04T05:02:16Z,1785819736065244362,336,4648,4648,4,17,2348,4641536,200,0,380,0,0,461,1024
335,2026-08-04T05:02:17Z,1785819737068764106,337,4648,4648,4,17,2356,4642333,200,0,380,0,0,461,1025
336,2026-08-04T05:02:18Z,1785819738072182623,338,4648,4648,4,17,2364,4643130,200,0,380,0,0,461,1025
337,2026-08-04T05:02:19Z,1785819739075766260,339,4648,4648,4,17,2371,4643926,200,0,380,0,0,461,1026
338,2026-08-04T05:02:20Z,1785819740079189692,340,4648,4648,4,17,2379,4644724,200,0,380,0,0,461,1027
339,2026-08-04T05:02:21Z,1785819741083497096,341,4648,4648,4,17,2386,4645523,200,0,380,0,0,461,1027
340,2026-08-04T05:02:22Z,1785819742087990981,342,4648,4648,4,17,2394,4646320,200,0,380,0,0,461,1028
341,2026-08-04T05:02:23Z,1785819743091942874,343,4648,4648,4,17,2401,4647116,200,0,380,0,0,461,1028
342,2026-08-04T05:02:24Z,1785819744095349603,344,4648,4648,4,17,2409,4647912,200,0,380,0,0,461,1029
343,2026-08-04T05:02:25Z,1785819745099535343,345,4648,4648,4,17,2416,4648708,200,0,380,0,0,461,1029
344,2026-08-04T05:02:26Z,1785819746103558370,346,4648,4648,4,17,2425,4649503,200,0,380,0,0,461,1029
345,2026-08-04T05:02:27Z,1785819747107585530,347,4648,4648,4,17,2432,4650298,200,0,380,0,0,461,1030
346,2026-08-04T05:02:28Z,1785819748111512712,348,4648,4648,4,17,2439,4651096,200,0,380,0,0,461,1031
347,2026-08-04T05:02:29Z,1785819749115964037,349,4648,4648,4,17,2447,4651894,200,0,380,0,0,461,1032
348,2026-08-04T05:02:30Z,1785819750119500697,350,4648,4648,4,17,2454,4652691,200,0,380,0,0,461,1032
349,2026-08-04T05:02:31Z,1785819751122779045,351,4648,4648,4,17,2462,4653488,200,0,380,0,0,461,1032
350,2026-08-04T05:02:32Z,1785819752126351625,352,4648,4648,4,17,2469,4654284,200,0,380,0,0,461,1033
351,2026-08-04T05:02:33Z,1785819753130133544,353,4648,4648,4,17,2477,4655080,200,0,380,0,0,461,1034
352,2026-08-04T05:02:34Z,1785819754133084035,354,4648,4648,4,17,2485,4655878,200,0,380,0,0,461,1035
353,2026-08-04T05:02:35Z,1785819755138003230,355,4648,4648,4,17,2492,4656676,200,0,380,0,0,461,1036
354,2026-08-04T05:02:36Z,1785819756141320281,356,4648,4648,4,17,2500,4657474,200,0,380,0,0,461,1037
355,2026-08-04T05:02:37Z,1785819757145410251,357,4648,4648,4,17,2507,4658271,200,0,380,0,0,461,1037
356,2026-08-04T05:02:38Z,1785819758149294513,358,4648,4648,4,17,2514,4659068,200,0,380,0,0,461,1037
357,2026-08-04T05:02:39Z,1785819759153076391,359,4648,4648,4,17,2522,4659863,200,0,380,0,0,461,1038
358,2026-08-04T05:02:40Z,1785819760157077640,360,4648,4648,4,17,2529,4660662,200,0,380,0,0,461,1038
359,2026-08-04T05:02:41Z,1785819761161279526,361,4648,4648,4,17,2536,4661461,200,0,380,0,0,461,1038
360,2026-08-04T05:02:42Z,1785819762164918685,362,4648,4648,4,17,2544,4662258,200,0,380,0,0,461,1039
361,2026-08-04T05:02:43Z,1785819763168063113,363,4648,4648,4,17,2551,4663057,200,0,380,0,0,461,1040
362,2026-08-04T05:02:44Z,1785819764172427938,364,4648,4648,4,17,2559,4663855,200,0,380,0,0,461,1041
363,2026-08-04T05:02:45Z,1785819765176333126,365,4648,4648,4,17,2567,4664655,200,0,380,0,0,461,1041
364,2026-08-04T05:02:46Z,1785819766180114560,366,4648,4648,4,17,2574,4665451,200,0,380,0,0,461,1042
365,2026-08-04T05:02:47Z,1785819767183262889,367,4648,4648,4,17,2582,4666249,200,0,380,0,0,461,1042
366,2026-08-04T05:02:48Z,1785819768187819286,368,4648,4648,4,17,2589,4667047,200,0,380,0,0,461,1042
367,2026-08-04T05:02:49Z,1785819769190856321,369,4648,4648,4,17,2597,4667842,200,0,380,0,0,461,1043
368,2026-08-04T05:02:50Z,1785819770194843163,370,4648,4648,4,17,2604,4668638,200,0,380,0,0,461,1044
369,2026-08-04T05:02:51Z,1785819771198832905,371,4648,4648,4,17,2611,4669436,200,0,380,0,0,461,1045
370,2026-08-04T05:02:52Z,1785819772203184452,372,4648,4648,4,17,2619,4670232,200,0,380,0,0,461,1046
371,2026-08-04T05:02:53Z,1785819773206142392,373,4648,4648,4,17,2626,4671028,200,0,380,0,0,461,1047
372,2026-08-04T05:02:54Z,1785819774210542775,374,4648,4648,4,17,2634,4671825,200,0,380,0,0,461,1048
373,2026-08-04T05:02:55Z,1785819775214066508,375,4648,4648,4,17,2641,4672624,200,0,380,0,0,461,1049
374,2026-08-04T05:02:56Z,1785819776218376143,376,4648,4648,4,17,2649,4673421,200,0,380,0,0,461,1050
375,2026-08-04T05:02:57Z,1785819777222227993,377,4648,4648,4,17,2656,4674221,200,0,380,0,0,461,1050
376,2026-08-04T05:02:58Z,1785819778225625626,378,4648,4648,4,17,2664,4675017,200,0,380,0,0,461,1051
377,2026-08-04T05:02:59Z,1785819779229191628,379,4648,4648,4,17,2672,4675814,200,0,380,0,0,461,1051
378,2026-08-04T05:03:00Z,1785819780232545844,380,4644,4644,4,16,2680,4676611,200,0,380,0,0,461,1052
379,2026-08-04T05:03:01Z,1785819781236184261,381,4640,4640,4,15,2686,4677411,200,0,380,0,0,461,1053
380,2026-08-04T05:03:02Z,1785819782239539447,382,4616,4616,4,14,2691,4678211,200,0,380,0,0,461,1053
381,2026-08-04T05:03:03Z,1785819783243065495,383,4608,4608,4,12,2693,4679014,200,0,380,0,0,461,1053
382,2026-08-04T05:03:04Z,1785819784246332164,384,4280,4444,4,10,2693,4679817,200,0,380,0,0,461,1053
383,2026-08-04T05:03:05Z,1785819785250393502,385,4280,4444,4,10,2693,4680620,200,0,380,0,0,461,1053
384,2026-08-04T05:03:06Z,1785819786254285490,386,4280,4444,4,10,2693,4681422,200,0,380,0,0,461,1053
385,2026-08-04T05:03:07Z,1785819787258136715,387,4280,4444,4,10,2693,4682225,200,0,380,0,0,461,1053
386,2026-08-04T05:03:08Z,1785819788262059397,388,4280,4444,4,10,2693,4683028,200,0,380,0,0,461,1053
387,2026-08-04T05:03:09Z,1785819789266179705,389,4284,4444,4,11,2693,4683830,200,0,380,0,0,461,1053
388,2026-08-04T05:03:10Z,1785819790270618377,390,4288,4444,4,12,2694,4684630,200,0,380,0,0,461,1053
389,2026-08-04T05:03:11Z,1785819791274858838,391,4312,4444,4,13,2696,4685429,200,0,380,0,0,461,1053
390,2026-08-04T05:03:12Z,1785819792278796184,392,4316,4444,4,14,2701,4686226,200,0,380,0,0,461,1053
391,2026-08-04T05:03:13Z,1785819793282676843,393,4640,4640,4,15,2708,4687020,200,0,380,0,0,461,1053
392,2026-08-04T05:03:14Z,1785819794287039041,394,4652,4652,4,18,2715,4687814,200,0,380,0,0,461,1054
393,2026-08-04T05:03:15Z,1785819795290786910,395,4656,4656,4,18,2722,4688609,200,0,380,0,0,461,1054
394,2026-08-04T05:03:16Z,1785819796294001140,396,4656,4656,4,18,2730,4689401,200,0,380,0,0,461,1054
395,2026-08-04T05:03:17Z,1785819797298174469,397,4656,4656,4,18,2738,4690195,200,0,380,0,0,461,1055
396,2026-08-04T05:03:18Z,1785819798302877110,398,4656,4656,4,18,2745,4690990,200,0,380,0,0,461,1055
397,2026-08-04T05:03:19Z,1785819799306400322,399,4656,4656,4,18,2753,4691785,200,0,380,0,0,461,1055
398,2026-08-04T05:03:20Z,1785819800309489351,400,4656,4656,4,18,2760,4692578,200,0,380,0,0,461,1055
399,2026-08-04T05:03:21Z,1785819801313559775,401,4656,4656,4,18,2767,4693372,200,0,380,0,0,461,1056
400,2026-08-04T05:03:22Z,1785819802317387808,402,4656,4656,4,18,2775,4694169,200,0,380,0,0,461,1056
401,2026-08-04T05:03:23Z,1785819803321797360,403,4656,4656,4,18,2782,4694963,200,0,380,0,0,461,1057
402,2026-08-04T05:03:24Z,1785819804325085764,404,4656,4656,4,18,2790,4695756,200,0,380,0,0,461,1057
403,2026-08-04T05:03:25Z,1785819805328330544,405,4656,4656,4,18,2797,4696552,200,0,380,0,0,461,1057
404,2026-08-04T05:03:26Z,1785819806332885294,406,4656,4656,4,18,2805,4697346,200,0,380,0,0,461,1058
405,2026-08-04T05:03:27Z,1785819807336035603,407,4656,4656,4,18,2812,4698141,200,0,380,0,0,461,1059
406,2026-08-04T05:03:28Z,1785819808340179351,408,4656,4656,4,18,2820,4698936,200,0,380,0,0,461,1060
407,2026-08-04T05:03:29Z,1785819809344814776,409,4656,4656,4,18,2827,4699730,200,0,380,0,0,461,1061
408,2026-08-04T05:03:30Z,1785819810349000878,410,4656,4656,4,18,2835,4700527,200,0,380,0,0,461,1061
409,2026-08-04T05:03:31Z,1785819811352322184,411,4656,4656,4,18,2843,4701320,200,0,380,0,0,461,1061
410,2026-08-04T05:03:32Z,1785819812356567844,412,4656,4656,4,18,2851,4702115,200,0,380,0,0,461,1061
411,2026-08-04T05:03:33Z,1785819813359884126,413,4656,4656,4,18,2858,4702906,200,0,380,0,0,461,1061
412,2026-08-04T05:03:34Z,1785819814364182318,414,4656,4656,4,18,2866,4703702,200,0,380,0,0,461,1061
413,2026-08-04T05:03:35Z,1785819815367555778,415,4656,4656,4,18,2873,4704494,200,0,380,0,0,461,1062
414,2026-08-04T05:03:36Z,1785819816372135767,416,4656,4656,4,18,2881,4705288,200,0,380,0,0,461,1063
415,2026-08-04T05:03:37Z,1785819817375689211,417,4656,4656,4,18,2888,4706085,200,0,380,0,0,461,1064
416,2026-08-04T05:03:38Z,1785819818379162247,418,4656,4656,4,18,2896,4706880,200,0,380,0,0,461,1065
417,2026-08-04T05:03:39Z,1785819819382359820,419,4656,4656,4,18,2903,4707672,200,0,380,0,0,461,1066
418,2026-08-04T05:03:40Z,1785819820386492775,420,4656,4656,4,18,2911,4708468,200,0,380,0,0,461,1066
419,2026-08-04T05:03:41Z,1785819821390497162,421,4656,4656,4,18,2919,4709260,200,0,380,0,0,461,1067
420,2026-08-04T05:03:42Z,1785819822394880727,422,4656,4656,4,18,2926,4710057,200,0,380,0,0,461,1067
421,2026-08-04T05:03:43Z,1785819823399207528,423,4656,4656,4,18,2933,4710854,200,0,380,0,0,461,1068
422,2026-08-04T05:03:44Z,1785819824402371177,424,4652,4652,4,17,2941,4711646,200,0,380,0,0,461,1068
423,2026-08-04T05:03:45Z,1785819825406961098,425,4652,4652,4,17,2950,4712440,200,0,380,0,0,461,1069
424,2026-08-04T05:03:46Z,1785819826410848876,426,4652,4652,4,17,2957,4713233,200,0,380,0,0,461,1069
425,2026-08-04T05:03:47Z,1785819827414053467,427,4652,4652,4,17,2965,4714028,200,0,380,0,0,461,1069
426,2026-08-04T05:03:48Z,1785819828418125261,428,4652,4652,4,17,2972,4714822,200,0,380,0,0,461,1070
427,2026-08-04T05:03:49Z,1785819829422263949,429,4652,4652,4,17,2980,4715617,200,0,380,0,0,461,1071
428,2026-08-04T05:03:50Z,1785819830426254003,430,4652,4652,4,17,2988,4716410,200,0,380,0,0,461,1071
429,2026-08-04T05:03:51Z,1785819831430344756,431,4652,4652,4,17,2995,4717206,200,0,380,0,0,461,1072
430,2026-08-04T05:03:52Z,1785819832434410834,432,4652,4652,4,17,3002,4717999,200,0,380,0,0,461,1073
431,2026-08-04T05:03:53Z,1785819833438953385,433,4652,4652,4,17,3010,4718791,200,0,380,0,0,461,1074
432,2026-08-04T05:03:54Z,1785819834442032297,434,4652,4652,4,17,3017,4719583,200,0,380,0,0,461,1074
433,2026-08-04T05:03:55Z,1785819835445999517,435,4652,4652,4,17,3025,4720379,200,0,380,0,0,461,1074
434,2026-08-04T05:03:56Z,1785819836449740489,436,4652,4652,4,17,3032,4721174,200,0,380,0,0,461,1075
435,2026-08-04T05:03:57Z,1785819837454001737,437,4652,4652,4,17,3040,4721967,200,0,380,0,0,461,1076
436,2026-08-04T05:03:58Z,1785819838458335159,438,4652,4652,4,17,3047,4722759,200,0,380,0,0,461,1077
437,2026-08-04T05:03:59Z,1785819839462881738,439,4652,4652,4,17,3055,4723554,200,0,380,0,0,461,1077
438,2026-08-04T05:04:00Z,1785819840466171948,440,4652,4652,4,17,3063,4724347,200,0,380,0,0,461,1078
439,2026-08-04T05:04:01Z,1785819841471740053,441,4656,4656,4,18,3070,4725141,200,0,380,0,0,461,1079
440,2026-08-04T05:04:02Z,1785819842474219437,442,4656,4656,4,18,3078,4725932,200,0,380,0,0,461,1080
441,2026-08-04T05:04:03Z,1785819843477292845,443,4656,4656,4,18,3086,4726726,200,0,380,0,0,461,1080
442,2026-08-04T05:04:04Z,1785819844481398204,444,4656,4656,4,18,3094,4727522,200,0,380,0,0,461,1080
443,2026-08-04T05:04:05Z,1785819845486041903,445,4656,4656,4,18,3101,4728315,200,0,380,0,0,461,1081
444,2026-08-04T05:04:06Z,1785819846489750767,446,4656,4656,4,18,3109,4729109,200,0,380,0,0,461,1081
445,2026-08-04T05:04:07Z,1785819847492941265,447,4656,4656,4,18,3117,4729900,200,0,380,0,0,461,1082
446,2026-08-04T05:04:08Z,1785819848497065168,448,4656,4656,4,18,3124,4730696,200,0,380,0,0,461,1083
447,2026-08-04T05:04:09Z,1785819849501181518,449,4656,4656,4,18,3132,4731489,200,0,380,0,0,461,1084
448,2026-08-04T05:04:10Z,1785819850505315050,450,4656,4656,4,18,3139,4732283,200,0,380,0,0,461,1085
449,2026-08-04T05:04:11Z,1785819851509249489,451,4656,4656,4,18,3147,4733078,200,0,380,0,0,461,1085
450,2026-08-04T05:04:12Z,1785819852513640307,452,4656,4656,4,18,3155,4733871,200,0,380,0,0,461,1086
451,2026-08-04T05:04:13Z,1785819853517241576,453,4656,4656,4,18,3161,4734666,200,0,380,0,0,461,1086
452,2026-08-04T05:04:14Z,1785819854521466573,454,4656,4656,4,18,3169,4735460,200,0,380,0,0,461,1087
453,2026-08-04T05:04:15Z,1785819855524876429,455,4656,4656,4,18,3176,4736255,200,0,380,0,0,461,1087
454,2026-08-04T05:04:16Z,1785819856528147063,456,4656,4656,4,18,3184,4737048,200,0,380,0,0,461,1088
455,2026-08-04T05:04:17Z,1785819857532118939,457,4656,4656,4,18,3192,4737842,200,0,380,0,0,461,1089
456,2026-08-04T05:04:18Z,1785819858536608293,458,4656,4656,4,18,3199,4738635,200,0,380,0,0,461,1089
457,2026-08-04T05:04:19Z,1785819859539836739,459,4656,4656,4,18,3207,4739427,200,0,380,0,0,461,1089
458,2026-08-04T05:04:20Z,1785819860544233040,460,4656,4656,4,18,3214,4740219,200,0,380,0,0,461,1089
459,2026-08-04T05:04:21Z,1785819861547262827,461,4656,4656,4,18,3222,4741015,200,0,380,0,0,461,1089
460,2026-08-04T05:04:22Z,1785819862551158677,462,4656,4656,4,18,3229,4741808,200,0,380,0,0,461,1089
461,2026-08-04T05:04:23Z,1785819863555418804,463,4656,4656,4,18,3236,4742603,200,0,380,0,0,461,1090
462,2026-08-04T05:04:24Z,1785819864559448430,464,4656,4656,4,18,3244,4743400,200,0,380,0,0,461,1091
463,2026-08-04T05:04:25Z,1785819865563808063,465,4656,4656,4,18,3251,4744194,200,0,380,0,0,461,1091
464,2026-08-04T05:04:26Z,1785819866567793720,466,4656,4656,4,18,3258,4744990,200,0,380,0,0,461,1092
465,2026-08-04T05:04:27Z,1785819867571554276,467,4656,4656,4,18,3266,4745785,200,0,380,0,0,461,1092
466,2026-08-04T05:04:28Z,1785819868576359255,468,4656,4656,4,18,3274,4746581,200,0,380,0,0,461,1093
467,2026-08-04T05:04:29Z,1785819869579771197,469,4656,4656,4,18,3281,4747374,200,0,380,0,0,461,1093
468,2026-08-04T05:04:30Z,1785819870584798130,470,4656,4656,4,18,3289,4748168,200,0,380,0,0,461,1094
469,2026-08-04T05:04:31Z,1785819871587486305,471,4652,4652,4,17,3297,4748961,200,0,380,0,0,461,1094
470,2026-08-04T05:04:32Z,1785819872590801963,472,4652,4652,4,17,3305,4749754,200,0,380,0,0,461,1095
471,2026-08-04T05:04:33Z,1785819873595000991,473,4652,4652,4,17,3313,4750549,200,0,380,0,0,461,1097
472,2026-08-04T05:04:34Z,1785819874598243088,474,4652,4652,4,17,3320,4751341,200,0,380,0,0,461,1098
473,2026-08-04T05:04:35Z,1785819875602232436,475,4652,4652,4,17,3327,4752135,200,0,380,0,0,461,1098
474,2026-08-04T05:04:36Z,1785819876606549073,476,4652,4652,4,17,3335,4752928,200,0,380,0,0,461,1098
475,2026-08-04T05:04:37Z,1785819877610959733,477,4652,4652,4,17,3343,4753723,200,0,380,0,0,461,1099
476,2026-08-04T05:04:38Z,1785819878614994615,478,4652,4652,4,17,3350,4754517,200,0,380,0,0,461,1099
477,2026-08-04T05:04:39Z,1785819879618678773,479,4652,4652,4,17,3358,4755309,200,0,380,0,0,461,1100
478,2026-08-04T05:04:40Z,1785819880622392498,480,4652,4652,4,17,3366,4756100,200,0,380,0,0,461,1100
479,2026-08-04T05:04:41Z,1785819881625772957,481,4652,4652,4,17,3374,4756893,200,0,380,0,0,461,1100
480,2026-08-04T05:04:42Z,1785819882629204805,482,4652,4652,4,17,3381,4757687,200,0,380,0,0,461,1100
481,2026-08-04T05:04:43Z,1785819883632691928,483,4652,4652,4,17,3388,4758480,200,0,380,0,0,461,1101
482,2026-08-04T05:04:44Z,1785819884636240576,484,4652,4652,4,17,3396,4759277,200,0,380,0,0,461,1102
483,2026-08-04T05:04:45Z,1785819885639622081,485,4652,4652,4,17,3403,4760070,200,0,380,0,0,461,1103
484,2026-08-04T05:04:46Z,1785819886643903101,486,4652,4652,4,17,3411,4760864,200,0,380,0,0,461,1104
485,2026-08-04T05:04:47Z,1785819887647981540,487,4652,4652,4,17,3419,4761660,200,0,380,0,0,461,1105
486,2026-08-04T05:04:48Z,1785819888651992759,488,4652,4652,4,17,3426,4762451,200,0,380,0,0,461,1105
487,2026-08-04T05:04:49Z,1785819889656120775,489,4652,4652,4,17,3434,4763246,200,0,380,0,0,461,1105
488,2026-08-04T05:04:50Z,1785819890660274012,490,4652,4652,4,17,3441,4764042,200,0,380,0,0,461,1105
489,2026-08-04T05:04:51Z,1785819891664891950,491,4652,4652,4,17,3448,4764837,200,0,380,0,0,461,1105
490,2026-08-04T05:04:52Z,1785819892667805276,492,4652,4652,4,17,3455,4765632,200,0,380,0,0,461,1105
491,2026-08-04T05:04:53Z,1785819893672333338,493,4652,4652,4,17,3463,4766427,200,0,380,0,0,461,1105
492,2026-08-04T05:04:54Z,1785819894675769448,494,4652,4652,4,17,3471,4767221,200,0,380,0,0,461,1105
493,2026-08-04T05:04:55Z,1785819895679192503,495,4652,4652,4,17,3478,4768014,200,0,380,0,0,461,1105
494,2026-08-04T05:04:56Z,1785819896683189300,496,4652,4652,4,17,3485,4768807,200,0,380,0,0,461,1105
495,2026-08-04T05:04:57Z,1785819897687479451,497,4652,4652,4,17,3493,4769598,200,0,380,0,0,461,1106
496,2026-08-04T05:04:58Z,1785819898691670635,498,4652,4652,4,17,3501,4770393,200,0,380,0,0,461,1107
497,2026-08-04T05:04:59Z,1785819899696941131,499,4652,4652,4,17,3508,4771189,200,0,380,0,0,461,1108
498,2026-08-04T05:05:00Z,1785819900701010500,500,4652,4652,4,17,3516,4771979,200,0,380,0,0,461,1109
499,2026-08-04T05:05:01Z,1785819901705047836,501,4652,4652,4,17,3523,4772774,200,0,380,0,0,461,1110
500,2026-08-04T05:05:02Z,1785819902708951027,502,4652,4652,4,17,3531,4773565,200,0,380,0,0,461,1111
501,2026-08-04T05:05:03Z,1785819903712348466,503,4652,4652,4,17,3540,4774359,200,0,380,0,0,461,1111
502,2026-08-04T05:05:04Z,1785819904716053235,504,4652,4652,4,17,3547,4775150,200,0,380,0,0,461,1112
503,2026-08-04T05:05:05Z,1785819905720077640,505,4652,4652,4,17,3555,4775941,200,0,380,0,0,461,1113
504,2026-08-04T05:05:06Z,1785819906724278074,506,4652,4652,4,17,3562,4776734,200,0,380,0,0,461,1113
505,2026-08-04T05:05:07Z,1785819907727952869,507,4652,4652,4,17,3571,4777527,200,0,380,0,0,461,1113
506,2026-08-04T05:05:08Z,1785819908731173990,508,4652,4652,4,17,3578,4778322,200,0,380,0,0,461,1113
507,2026-08-04T05:05:09Z,1785819909735268060,509,4648,4648,4,16,3585,4779117,200,0,380,0,0,461,1113
508,2026-08-04T05:05:10Z,1785819910739229423,510,4644,4644,4,15,3591,4779915,200,0,380,0,0,461,1114
509,2026-08-04T05:05:11Z,1785819911743213068,511,4620,4620,4,14,3595,4780714,200,0,380,0,0,461,1114
510,2026-08-04T05:05:12Z,1785819912746338412,512,4612,4612,4,12,3597,4781515,200,0,380,0,0,461,1114
511,2026-08-04T05:05:13Z,1785819913750813799,513,4284,4444,4,10,3597,4782317,200,0,380,0,0,461,1114
512,2026-08-04T05:05:14Z,1785819914754570071,514,4284,4444,4,10,3597,4783120,200,0,380,0,0,461,1114
513,2026-08-04T05:05:15Z,1785819915758274755,515,4284,4444,4,10,3597,4783922,200,0,380,0,0,461,1114
514,2026-08-04T05:05:16Z,1785819916761025184,516,4284,4444,4,10,3598,4784724,200,0,380,0,0,461,1114
515,2026-08-04T05:05:17Z,1785819917764978131,517,4284,4444,4,10,3598,4785527,200,0,380,0,0,461,1114
516,2026-08-04T05:05:18Z,1785819918768932609,518,4288,4444,4,11,3598,4786329,200,0,380,0,0,461,1114
517,2026-08-04T05:05:19Z,1785819919773387772,519,4292,4444,4,12,3598,4787131,200,0,380,0,0,461,1114
518,2026-08-04T05:05:20Z,1785819920777106075,520,4316,4444,4,13,3601,4787929,200,0,380,0,0,461,1114
519,2026-08-04T05:05:21Z,1785819921781562342,521,4320,4444,4,14,3606,4788728,200,0,380,0,0,461,1114
520,2026-08-04T05:05:22Z,1785819922785390497,522,4644,4644,4,15,3613,4789526,200,0,380,0,0,461,1114
521,2026-08-04T05:05:23Z,1785819923790114383,523,6876,27836,4,60,3638,4790319,200,0,380,0,0,557,1235
522,2026-08-04T05:05:24Z,1785819924795046367,524,6876,27836,4,60,3645,4791117,200,0,382,0,0,557,1235
523,2026-08-04T05:05:25Z,1785819925797068556,525,6876,27836,4,60,3652,4791914,200,0,382,0,0,557,1235
524,2026-08-04T05:05:26Z,1785819926801250640,526,6876,27836,4,60,3660,4792713,200,0,382,0,0,557,1235
525,2026-08-04T05:05:27Z,1785819927805181362,527,6876,27836,4,60,3666,4793509,200,0,382,0,0,557,1235
526,2026-08-04T05:05:28Z,1785819928809391034,528,6876,27836,4,60,3674,4794306,200,0,382,0,0,557,1235
527,2026-08-04T05:05:29Z,1785819929814456946,529,6876,27836,4,60,3681,4795108,200,0,382,0,0,557,1235
528,2026-08-04T05:05:30Z,1785819930817792802,530,6876,27836,4,60,3688,4795904,200,0,382,0,0,557,1235
529,2026-08-04T05:05:31Z,1785819931822368969,531,6876,27836,4,60,3695,4796699,200,0,382,0,0,581,1235
530,2026-08-04T05:05:32Z,1785819932825683978,532,6876,27836,4,60,3703,4797496,200,0,382,0,0,581,1235
531,2026-08-04T05:05:33Z,1785819933829817329,533,6876,27836,4,60,3710,4798295,200,0,382,0,0,581,1235
532,2026-08-04T05:05:34Z,1785819934834201126,534,6876,27836,4,60,3717,4799092,200,0,382,0,0,581,1235
533,2026-08-04T05:05:35Z,1785819935837234165,535,6876,27836,4,60,3724,4799887,200,0,382,0,0,581,1235
534,2026-08-04T05:05:36Z,1785819936842310928,536,6876,27836,4,60,3731,4800683,200,0,382,0,0,581,1235
535,2026-08-04T05:05:37Z,1785819937845939411,537,6876,27836,4,60,3739,4801480,200,0,382,0,0,581,1235
536,2026-08-04T05:05:38Z,1785819938849354488,538,6876,27836,4,60,3745,4802275,200,0,382,0,0,581,1235
537,2026-08-04T05:05:39Z,1785819939852917445,539,6876,27836,4,60,3752,4803071,200,0,382,0,0,581,1235
538,2026-08-04T05:05:40Z,1785819940856175616,540,6876,27836,4,60,3760,4803867,200,0,382,0,0,581,1235
539,2026-08-04T05:05:41Z,1785819941859919355,541,6876,27836,4,60,3767,4804665,200,0,382,0,0,581,1235
540,2026-08-04T05:05:42Z,1785819942863619314,542,6876,27836,4,60,3774,4805458,200,0,382,0,0,581,1235
541,2026-08-04T05:05:43Z,1785819943866793633,543,6876,27836,4,60,3781,4806255,200,0,382,0,0,581,1235
542,2026-08-04T05:05:44Z,1785819944871888736,544,6876,27836,4,60,3789,4807051,200,0,382,0,0,581,1235
543,2026-08-04T05:05:45Z,1785819945876421947,545,6876,27836,4,60,3796,4807846,200,0,382,0,0,581,1235
544,2026-08-04T05:05:46Z,1785819946879302530,546,6876,27836,4,60,3803,4808642,200,0,382,0,0,581,1235
545,2026-08-04T05:05:47Z,1785819947882905246,547,6876,27836,4,60,3810,4809440,200,0,382,0,0,581,1235
546,2026-08-04T05:05:48Z,1785819948886385809,548,6876,27836,4,60,3818,4810236,200,0,382,0,0,581,1235
547,2026-08-04T05:05:49Z,1785819949889908479,549,6876,27836,4,60,3825,4811032,200,0,382,0,0,581,1235
548,2026-08-04T05:05:50Z,1785819950893273781,550,6876,27836,4,60,3831,4811826,200,0,382,0,0,581,1235
549,2026-08-04T05:05:51Z,1785819951897458688,551,6876,27836,4,60,3839,4812623,200,0,382,0,0,581,1235
550,2026-08-04T05:05:52Z,1785819952901465474,552,6876,27836,4,60,3846,4813419,200,0,382,0,0,581,1235
551,2026-08-04T05:05:53Z,1785819953905461235,553,6668,27836,4,18,3853,4814215,200,0,381,0,0,581,1235
552,2026-08-04T05:05:54Z,1785819954909830154,554,6668,27836,4,18,3860,4815013,200,0,381,0,0,581,1235
553,2026-08-04T05:05:55Z,1785819955913131219,555,6668,27836,4,18,3868,4815809,200,0,381,0,0,581,1235
554,2026-08-04T05:05:56Z,1785819956916399532,556,6660,27836,4,16,3875,4816603,200,0,381,0,0,581,1235
555,2026-08-04T05:05:57Z,1785819957920337490,557,6660,27836,4,16,3881,4817403,200,0,381,0,0,581,1235
556,2026-08-04T05:05:58Z,1785819958923373414,558,6660,27836,4,16,3888,4818198,200,0,381,0,0,581,1235
557,2026-08-04T05:05:59Z,1785819959928297485,559,6660,27836,4,16,3896,4818995,200,0,381,0,0,581,1235
558,2026-08-04T05:06:00Z,1785819960931515031,560,6660,27836,4,16,3903,4819792,200,0,381,0,0,581,1235
559,2026-08-04T05:06:01Z,1785819961936217889,561,6660,27836,4,16,3911,4820587,200,0,381,0,0,581,1235
560,2026-08-04T05:06:02Z,1785819962939889680,562,6660,27836,4,16,3917,4821388,200,0,381,0,0,581,1235
561,2026-08-04T05:06:03Z,1785819963942873568,563,6660,27836,4,16,3925,4822185,200,0,381,0,0,581,1235
562,2026-08-04T05:06:04Z,1785819964946771575,564,6660,27836,4,16,3932,4822980,200,0,381,0,0,581,1235
563,2026-08-04T05:06:05Z,1785819965951145592,565,6660,27836,4,16,3939,4823776,200,0,381,0,0,581,1235
564,2026-08-04T05:06:06Z,1785819966954034537,566,6660,27836,4,16,3947,4824573,200,0,381,0,0,581,1235
565,2026-08-04T05:06:07Z,1785819967958315916,567,6660,27836,4,16,3953,4825367,200,0,381,0,0,581,1235
566,2026-08-04T05:06:08Z,1785819968962636020,568,6660,27836,4,16,3961,4826164,200,0,381,0,0,581,1235
567,2026-08-04T05:06:09Z,1785819969965746797,569,6660,27836,4,16,3968,4826959,200,0,381,0,0,581,1235
568,2026-08-04T05:06:10Z,1785819970969792480,570,6660,27836,4,16,3975,4827756,200,0,381,0,0,581,1235
569,2026-08-04T05:06:11Z,1785819971973931712,571,6660,27836,4,16,3983,4828556,200,0,381,0,0,581,1235
570,2026-08-04T05:06:12Z,1785819972978073805,572,6660,27836,4,16,3989,4829351,200,0,381,0,0,581,1235
571,2026-08-04T05:06:13Z,1785819973981024679,573,6660,27836,4,16,3997,4830147,200,0,381,0,0,581,1235
572,2026-08-04T05:06:14Z,1785819974985467496,574,6660,27836,4,16,4004,4830943,200,0,381,0,0,581,1235
573,2026-08-04T05:06:15Z,1785819975989235209,575,6660,27836,4,16,4011,4831739,200,0,381,0,0,581,1235
574,2026-08-04T05:06:16Z,1785819976992399588,576,6660,27836,4,16,4018,4832536,200,0,381,0,0,581,1235
575,2026-08-04T05:06:17Z,1785819977996618813,577,6660,27836,4,16,4026,4833332,200,0,381,0,0,581,1235
576,2026-08-04T05:06:18Z,1785819979000883343,579,6660,27836,4,16,4032,4834129,200,0,381,0,0,581,1235
577,2026-08-04T05:06:20Z,1785819980004297760,580,6660,27836,4,16,4040,4834924,200,0,381,0,0,581,1235
578,2026-08-04T05:06:21Z,1785819981007342461,581,6660,27836,4,16,4047,4835721,200,0,381,0,0,581,1235
579,2026-08-04T05:06:22Z,1785819982011281532,582,6660,27836,4,16,4054,4836519,200,0,381,0,0,581,1235
580,2026-08-04T05:06:23Z,1785819983015802758,583,6660,27836,4,16,4061,4837316,200,0,381,0,0,581,1235
581,2026-08-04T05:06:24Z,1785819984019632793,584,6660,27836,4,16,4069,4838114,200,0,381,0,0,581,1235
582,2026-08-04T05:06:25Z,1785819985022942386,585,6660,27836,4,16,4075,4838911,200,0,381,0,0,581,1235
583,2026-08-04T05:06:26Z,1785819986026274191,586,6660,27836,4,16,4082,4839706,200,0,381,0,0,581,1235
584,2026-08-04T05:06:27Z,1785819987030231965,587,6660,27836,4,16,4090,4840502,200,0,381,0,0,581,1235
585,2026-08-04T05:06:28Z,1785819988033977527,588,6660,27836,4,16,4097,4841300,200,0,381,0,0,581,1235
586,2026-08-04T05:06:29Z,1785819989037960708,589,6660,27836,4,16,4104,4842096,200,0,381,0,0,581,1235
587,2026-08-04T05:06:30Z,1785819990042817397,590,6660,27836,4,16,4111,4842891,200,0,381,0,0,581,1235
588,2026-08-04T05:06:31Z,1785819991045711882,591,6660,27836,4,16,4118,4843687,200,0,381,0,0,581,1235
589,2026-08-04T05:06:32Z,1785819992049997164,592,6660,27836,4,16,4125,4844483,200,0,381,0,0,581,1235
590,2026-08-04T05:06:33Z,1785819993053093829,593,6660,27836,4,16,4132,4845280,200,0,381,0,0,581,1235
591,2026-08-04T05:06:34Z,1785819994057151591,594,6660,27836,4,16,4140,4846077,200,0,381,0,0,581,1235
592,2026-08-04T05:06:35Z,1785819995061267206,595,6660,27836,4,16,4147,4846873,200,0,381,0,0,581,1235
593,2026-08-04T05:06:36Z,1785819996065041270,596,6660,27836,4,16,4154,4847671,200,0,381,0,0,581,1235
594,2026-08-04T05:06:37Z,1785819997068938302,597,6660,27836,4,16,4161,4848467,200,0,381,0,0,581,1235
595,2026-08-04T05:06:38Z,1785819998072993549,598,6660,27836,4,16,4168,4849264,200,0,381,0,0,581,1235
596,2026-08-04T05:06:39Z,1785819999077215723,599,6660,27836,4,16,4175,4850060,200,0,381,0,0,581,1235
597,2026-08-04T05:06:40Z,1785820000080248531,600,6660,27836,4,16,4182,4850857,200,0,381,0,0,581,1235
598,2026-08-04T05:06:41Z,1785820001084167201,601,6660,27836,4,16,4190,4851653,200,0,381,0,0,581,1235
599,2026-08-04T05:06:42Z,1785820002088282607,602,6660,27836,4,16,4197,4852450,200,0,381,0,0,581,1235
600,2026-08-04T05:06:43Z,1785820003092693010,603,6660,27836,4,16,4204,4853247,200,0,381,0,0,581,1235
601,2026-08-04T05:06:44Z,1785820004095510505,604,6660,27836,4,16,4211,4854042,200,0,381,0,0,581,1235
602,2026-08-04T05:06:45Z,1785820005099570816,605,6660,27836,4,16,4219,4854840,200,0,381,0,0,581,1235
603,2026-08-04T05:06:46Z,1785820006103954870,606,6660,27836,4,16,4225,4855636,200,0,381,0,0,581,1235
604,2026-08-04T05:06:47Z,1785820007106876327,607,6660,27836,4,16,4232,4856433,200,0,381,0,0,581,1235
605,2026-08-04T05:06:48Z,1785820008110938212,608,6660,27836,4,16,4240,4857231,200,0,381,0,0,581,1235
606,2026-08-04T05:06:49Z,1785820009115958875,609,6660,27836,4,16,4248,4858028,200,0,381,0,0,581,1235
607,2026-08-04T05:06:50Z,1785820010119026960,610,6660,27836,4,16,4254,4858822,200,0,381,0,0,581,1235
608,2026-08-04T05:06:51Z,1785820011123453319,611,6660,27836,4,16,4262,4859619,200,0,381,0,0,581,1235
609,2026-08-04T05:06:52Z,1785820012126325274,612,6660,27836,4,16,4269,4860413,200,0,381,0,0,581,1235
610,2026-08-04T05:06:53Z,1785820013130666688,613,6660,27836,4,16,4276,4861213,200,0,381,0,0,581,1235
611,2026-08-04T05:06:54Z,1785820014133456564,614,6660,27836,4,16,4283,4862007,200,0,381,0,0,581,1235
612,2026-08-04T05:06:55Z,1785820015137318490,615,6660,27836,4,16,4291,4862803,200,0,381,0,0,581,1235
613,2026-08-04T05:06:56Z,1785820016141272098,616,6660,27836,4,16,4298,4863600,200,0,381,0,0,581,1235
614,2026-08-04T05:06:57Z,1785820017145104920,617,6660,27836,4,16,4305,4864400,200,0,381,0,0,581,1235
615,2026-08-04T05:06:58Z,1785820018149249124,618,6660,27836,4,16,4312,4865195,200,0,381,0,0,581,1235
616,2026-08-04T05:06:59Z,1785820019153317852,619,6660,27836,4,16,4320,4865993,200,0,381,0,0,581,1235
617,2026-08-04T05:07:00Z,1785820020157885505,620,6660,27836,4,16,4327,4866790,200,0,381,0,0,581,1235
618,2026-08-04T05:07:01Z,1785820021161009190,621,6660,27836,4,16,4334,4867586,200,0,381,0,0,581,1235
619,2026-08-04T05:07:02Z,1785820022165815398,622,6660,27836,4,16,4341,4868381,200,0,381,0,0,581,1235
620,2026-08-04T05:07:03Z,1785820023168640661,623,6660,27836,4,16,4349,4869177,200,0,381,0,0,581,1235
621,2026-08-04T05:07:04Z,1785820024172327758,624,6660,27836,4,16,4355,4869975,200,0,381,0,0,581,1235
622,2026-08-04T05:07:05Z,1785820025176241694,625,6660,27836,4,16,4363,4870773,200,0,381,0,0,581,1235
623,2026-08-04T05:07:06Z,1785820026180159809,626,6660,27836,4,16,4369,4871570,200,0,381,0,0,581,1235
624,2026-08-04T05:07:07Z,1785820027184292092,627,6660,27836,4,16,4377,4872366,200,0,381,0,0,581,1235
625,2026-08-04T05:07:08Z,1785820028188094234,628,6660,27836,4,16,4384,4873165,200,0,381,0,0,581,1235
626,2026-08-04T05:07:09Z,1785820029191948464,629,6660,27836,4,16,4391,4873961,200,0,381,0,0,581,1235
627,2026-08-04T05:07:10Z,1785820030196104009,630,6660,27836,4,16,4399,4874759,200,0,381,0,0,581,1235
628,2026-08-04T05:07:11Z,1785820031200239679,631,6660,27836,4,16,4406,4875555,200,0,381,0,0,581,1235
629,2026-08-04T05:07:12Z,1785820032204375847,632,6660,27836,4,16,4413,4876354,200,0,381,0,0,581,1235
630,2026-08-04T05:07:13Z,1785820033207985696,633,6660,27836,4,16,4420,4877150,200,0,381,0,0,581,1235
631,2026-08-04T05:07:14Z,1785820034212135072,634,6660,27836,4,16,4427,4877948,200,0,381,0,0,581,1235
632,2026-08-04T05:07:15Z,1785820035216754404,635,6660,27836,4,16,4434,4878743,200,0,381,0,0,581,1235
633,2026-08-04T05:07:16Z,1785820036220628141,636,6660,27836,4,16,4441,4879541,200,0,381,0,0,581,1235
634,2026-08-04T05:07:17Z,1785820037224056291,637,6660,27836,4,16,4448,4880338,200,0,381,0,0,581,1235
635,2026-08-04T05:07:18Z,1785820038227174108,638,6660,27836,4,16,4456,4881135,200,0,381,0,0,581,1235
636,2026-08-04T05:07:19Z,1785820039231049351,639,6656,27836,4,15,4463,4881931,200,0,381,0,0,581,1235
637,2026-08-04T05:07:20Z,1785820040234557568,640,6652,27836,4,14,4467,4882729,200,0,381,0,0,581,1235
638,2026-08-04T05:07:21Z,1785820041237865950,641,6628,27836,4,13,4472,4883529,200,0,381,0,0,581,1235
639,2026-08-04T05:07:22Z,1785820042240818157,642,6300,27836,4,11,4472,4884330,200,0,381,0,0,581,1235
640,2026-08-04T05:07:23Z,1785820043244710838,643,6296,27836,4,10,4472,4885133,200,0,381,0,0,581,1235
641,2026-08-04T05:07:24Z,1785820044248426796,644,6296,27836,4,10,4472,4885935,200,0,381,0,0,581,1235
642,2026-08-04T05:07:25Z,1785820045251838174,645,6296,27836,4,10,4472,4886736,200,0,381,0,0,581,1235
643,2026-08-04T05:07:26Z,1785820046256112737,646,6296,27836,4,10,4472,4887539,200,0,381,0,0,581,1235
644,2026-08-04T05:07:27Z,1785820047258944168,647,6296,27836,4,10,4472,4888341,200,0,381,0,0,581,1235
645,2026-08-04T05:07:28Z,1785820048262804811,648,6296,27836,4,10,4472,4889144,200,0,381,0,0,581,1235
646,2026-08-04T05:07:29Z,1785820049266697569,649,6296,27836,4,10,4472,4889947,200,0,381,0,0,581,1235
647,2026-08-04T05:07:30Z,1785820050271529617,650,6296,27836,4,10,4473,4890749,200,0,381,0,0,581,1235
648,2026-08-04T05:07:31Z,1785820051274493945,651,6296,27836,4,10,4473,4891552,200,0,381,0,0,581,1235
649,2026-08-04T05:07:32Z,1785820052279078259,652,6296,27836,4,10,4473,4892355,200,0,381,0,0,581,1235
650,2026-08-04T05:07:33Z,1785820053281804659,653,6296,27836,4,10,4473,4893156,200,0,381,0,0,581,1235
651,2026-08-04T05:07:34Z,1785820054285512435,654,6296,27836,4,10,4473,4893960,200,0,381,0,0,581,1235
652,2026-08-04T05:07:35Z,1785820055289179024,655,6296,27836,4,10,4474,4894762,200,0,381,0,0,581,1235
653,2026-08-04T05:07:36Z,1785820056293076886,656,6296,27836,4,10,4474,4895564,200,0,381,0,0,581,1235
654,2026-08-04T05:07:37Z,1785820057296881814,657,6296,27836,4,10,4474,4896366,200,0,381,0,0,581,1235
655,2026-08-04T05:07:38Z,1785820058300574931,658,6296,27836,4,10,4474,4897169,200,0,381,0,0,581,1235
656,2026-08-04T05:07:39Z,1785820059304311083,659,6296,27836,4,10,4474,4897972,200,0,381,0,0,581,1235
657,2026-08-04T05:07:40Z,1785820060308375850,660,6296,27836,4,10,4474,4898774,200,0,381,0,0,581,1235
658,2026-08-04T05:07:41Z,1785820061312350929,661,6296,27836,4,10,4474,4899576,200,0,381,0,0,581,1235
659,2026-08-04T05:07:42Z,1785820062315995208,662,6296,27836,4,10,4474,4900378,200,0,381,0,0,581,1235
660,2026-08-04T05:07:43Z,1785820063319778410,663,6296,27836,4,10,4474,4901180,200,0,381,0,0,581,1235
661,2026-08-04T05:07:44Z,1785820064323537887,664,6296,27836,4,10,4474,4901983,200,0,381,0,0,581,1235
662,2026-08-04T05:07:45Z,1785820065327969534,665,6296,27836,4,10,4474,4902787,200,0,381,0,0,581,1235
663,2026-08-04T05:07:46Z,1785820066330639646,666,6296,27836,4,10,4474,4903588,200,0,381,0,0,581,1235
664,2026-08-04T05:07:47Z,1785820067334371838,667,6296,27836,4,10,4474,4904391,200,0,381,0,0,581,1235
665,2026-08-04T05:07:48Z,1785820068338074777,668,6296,27836,4,10,4474,4905192,200,0,381,0,0,581,1235
666,2026-08-04T05:07:49Z,1785820069341588183,669,6296,27836,4,10,4474,4905995,200,0,381,0,0,581,1235
667,2026-08-04T05:07:50Z,1785820070345501853,670,6296,27836,4,10,4474,4906798,200,0,381,0,0,581,1235
668,2026-08-04T05:07:51Z,1785820071349178125,671,6296,27836,4,10,4474,4907600,200,0,381,0,0,581,1235
669,2026-08-04T05:07:52Z,1785820072352846971,672,6296,27836,4,10,4474,4908403,200,0,381,0,0,581,1235
670,2026-08-04T05:07:53Z,1785820073356616435,673,6296,27836,4,10,4474,4909205,200,0,381,0,0,581,1235
671,2026-08-04T05:07:54Z,1785820074360522407,674,6296,27836,4,10,4474,4910007,200,0,381,0,0,581,1235
672,2026-08-04T05:07:55Z,1785820075364182096,675,6296,27836,4,10,4474,4910810,200,0,381,0,0,581,1235
673,2026-08-04T05:07:56Z,1785820076368222585,676,6296,27836,4,10,4474,4911614,200,0,381,0,0,581,1235
674,2026-08-04T05:07:57Z,1785820077372012202,677,6296,27836,4,10,4474,4912416,200,0,381,0,0,581,1235
